Exam Name: viva, Date: 12/15/2024, Time: 12:00
Exam Name: viva, Date: 13/15/2024, Time: 12:00
Exam Name: viva, Date: 14/15/2024, Time: 12:00
Exam Name: viva, Date: 15/15/2024, Time: 12:00
Exam Name: viva, Date: 16/15/2024, Time: 12:00
Exam Name: viva, Date: 17/15/2024, Time: 12:00
Exam Name: viva, Date: 18/15/2024, Time: 12:00
Exam Name: viva, Date: 19/15/2024, Time: 12:00
Exam Name: viva, Date: 20/15/2024, Time: 12:00
Exam Name: viva, Date: 21/15/2024, Time: 12:00
Exam Name: nalr, Date: 11/09/2024, Time: 12:30
